eval_id,x1,y1,x2,y2,x3,y3,angle,objective_value,valid,best_objective_so_far
1,35.975733161181736,44.727001616632805,14.677618622520228,12.802781843801842,31.09619848587075,15.32746822211358,41.885730963099675,,False,
2,15.378458417896066,14.505046285483342,19.758717323566913,10.461279974278243,14.219785107514749,48.88030890048482,61.822031916708994,,False,
3,15.288887468530442,17.346290690846313,43.095239965767064,37.93202131462242,23.588856991267445,10.466959638015025,71.61013134060086,,False,
4,44.196432934848204,41.03201895514038,10.660599005295929,20.768740958280503,10.247127689851338,30.594984610528947,78.60292647761644,12839.699327014063,True,12839.699327014063
5,10.02825166381262,44.41341174562303,40.03358646345565,16.578054770620177,32.120267274655035,18.7513445091392,1.66701996664908,12237.034807406175,True,12839.699327014063
